Date,Ticker,Close,Volume
2025-05-28 23:00:00+00:00,EURUSD=X,1.123368263244629,0
2025-05-29 04:00:00+00:00,NVDA,139.17250061035156,369241900
2025-05-29 04:00:00+00:00,MSFT,457.0717468261719,13974800
2025-05-29 04:00:00+00:00,TSLA,358.42999267578125,88087800
2025-05-29 04:00:00+00:00,AAPL,199.5299072265625,51396800
2025-05-29 23:00:00+00:00,EURUSD=X,1.1378376483917236,0
2025-05-30 00:00:00+00:00,BTC-USD,103998.5703125,57655287183
2025-05-30 04:00:00+00:00,TSLA,346.4599914550781,123474900
2025-05-30 04:00:00+00:00,NVDA,135.11300659179688,333170900
2025-05-30 04:00:00+00:00,MSFT,458.7458190917969,34770500
2025-05-30 04:00:00+00:00,AAPL,200.4280242919922,70819900
2025-05-31 00:00:00+00:00,BTC-USD,104638.09375,38997843858
2025-06-01 00:00:00+00:00,BTC-USD,105652.1015625,37397056873
2025-06-01 23:00:00+00:00,EURUSD=X,1.1353315114974976,0
2025-06-02 00:00:00+00:00,BTC-USD,105881.53125,45819706290
2025-06-02 04:00:00+00:00,MSFT,460.3502197265625,16626500
2025-06-02 04:00:00+00:00,AAPL,201.27622985839844,35423300
2025-06-02 04:00:00+00:00,NVDA,137.3627166748047,197663100
2025-06-02 04:00:00+00:00,TSLA,342.69000244140625,81873800
2025-06-02 23:00:00+00:00,EURUSD=X,1.1453442573547363,0
2025-06-03 00:00:00+00:00,BTC-USD,105432.46875,46196508367
2025-06-03 04:00:00+00:00,TSLA,344.2699890136719,99324500
2025-06-03 04:00:00+00:00,NVDA,141.2022247314453,225578800
2025-06-03 04:00:00+00:00,AAPL,202.8429412841797,46381600
2025-06-03 04:00:00+00:00,MSFT,461.3467102050781,15743800
2025-06-03 23:00:00+00:00,EURUSD=X,1.1384464502334597,0
2025-06-04 00:00:00+00:00,BTC-USD,104731.984375,44544857105
2025-06-04 04:00:00+00:00,TSLA,332.04998779296875,98912100
2025-06-04 04:00:00+00:00,MSFT,462.2435302734375,14162700
2025-06-04 04:00:00+00:00,NVDA,141.9021453857422,167120800
2025-06-04 04:00:00+00:00,AAPL,202.3938751220703,43604000
2025-06-04 23:00:00+00:00,EURUSD=X,1.1422044038772583,0
2025-06-05 00:00:00+00:00,BTC-USD,101575.953125,57479298400
2025-06-05 04:00:00+00:00,AAPL,200.2084808349609,55126100
2025-06-05 04:00:00+00:00,MSFT,466.0401611328125,20131700
2025-06-05 04:00:00+00:00,NVDA,139.97239685058594,231397900
2025-06-05 04:00:00+00:00,TSLA,284.70001220703125,287499800
2025-06-05 23:00:00+00:00,EURUSD=X,1.1453834772109983,0
2025-06-06 00:00:00+00:00,BTC-USD,104390.34375,48856653697
2025-06-06 04:00:00+00:00,TSLA,295.1400146484375,164747700
2025-06-06 04:00:00+00:00,MSFT,468.730712890625,15285600
2025-06-06 04:00:00+00:00,AAPL,203.49156188964844,46607700
2025-06-06 04:00:00+00:00,NVDA,141.70216369628906,153986200
2025-06-07 00:00:00+00:00,BTC-USD,105615.625,38365033776
2025-06-08 00:00:00+00:00,BTC-USD,105793.6484375,36626232328
2025-06-08 23:00:00+00:00,EURUSD=X,1.1407841444015503,0
2025-06-09 00:00:00+00:00,BTC-USD,110294.1015625,55903193732
2025-06-09 04:00:00+00:00,TSLA,308.5799865722656,140908900
2025-06-09 04:00:00+00:00,MSFT,471.0924072265625,16469900
2025-06-09 04:00:00+00:00,NVDA,142.612060546875,185114500
2025-06-09 04:00:00+00:00,AAPL,201.02674865722656,72862600
2025-06-09 23:00:00+00:00,EURUSD=X,1.1428048610687256,0
2025-06-10 00:00:00+00:00,BTC-USD,110257.234375,54700101509
2025-06-10 04:00:00+00:00,NVDA,143.94189453125,155881900
2025-06-10 04:00:00+00:00,TSLA,326.0899963378906,151256500
2025-06-10 04:00:00+00:00,MSFT,469.2688293457031,15375900
2025-06-10 04:00:00+00:00,AAPL,202.24420166015625,54672600
2025-06-10 23:00:00+00:00,EURUSD=X,1.143746018409729,0
2025-06-11 00:00:00+00:00,BTC-USD,108686.625,50842662052
2025-06-11 04:00:00+00:00,TSLA,326.42999267578125,122611400
2025-06-11 04:00:00+00:00,NVDA,142.8219451904297,167694000
2025-06-11 04:00:00+00:00,AAPL,198.36236572265625,60989900
2025-06-11 04:00:00+00:00,MSFT,470.9628601074219,16399200
2025-06-11 23:00:00+00:00,EURUSD=X,1.1509333848953247,0
2025-06-12 00:00:00+00:00,BTC-USD,105929.0546875,54843867968
2025-06-12 04:00:00+00:00,NVDA,144.9918212890625,162365000
2025-06-12 04:00:00+00:00,MSFT,477.1909484863281,18950600
2025-06-12 04:00:00+00:00,TSLA,319.1099853515625,105127500
2025-06-12 04:00:00+00:00,AAPL,198.781478881836,43904600
2025-06-12 23:00:00+00:00,EURUSD=X,1.1600254774093628,0
2025-06-13 00:00:00+00:00,BTC-USD,106090.96875,69550440846
2025-06-13 04:00:00+00:00,AAPL,196.03726196289065,51447300
2025-06-13 04:00:00+00:00,NVDA,141.9619903564453,180820600
2025-06-13 04:00:00+00:00,MSFT,473.2946472167969,16814500
2025-06-13 04:00:00+00:00,TSLA,325.3099975585937,128964300
2025-06-14 00:00:00+00:00,BTC-USD,105472.40625,38007870453
2025-06-15 00:00:00+00:00,BTC-USD,105552.0234375,36744307742
2025-06-15 23:00:00+00:00,EURUSD=X,1.1556684970855713,0
2025-06-16 00:00:00+00:00,BTC-USD,106796.7578125,50366626945
2025-06-16 04:00:00+00:00,TSLA,329.1300048828125,83925900
2025-06-16 04:00:00+00:00,MSFT,477.46002197265625,15626100
2025-06-16 04:00:00+00:00,NVDA,144.6818389892578,183133700
2025-06-16 04:00:00+00:00,AAPL,198.0031280517578,43020700
2025-06-16 23:00:00+00:00,EURUSD=X,1.1551345586776731,0
2025-06-17 00:00:00+00:00,BTC-USD,104601.1171875,55964092176
2025-06-17 04:00:00+00:00,NVDA,144.1118621826172,139108000
2025-06-17 04:00:00+00:00,AAPL,195.2289581298828,38856200
2025-06-17 04:00:00+00:00,TSLA,316.3500061035156,88282700
2025-06-17 04:00:00+00:00,MSFT,476.3638610839844,15414100
2025-06-17 23:00:00+00:00,EURUSD=X,1.1482638120651243,0
2025-06-18 00:00:00+00:00,BTC-USD,104883.328125,47318089133
2025-06-18 04:00:00+00:00,MSFT,478.5561218261719,17526500
2025-06-18 04:00:00+00:00,AAPL,196.1669921875,45394700
2025-06-18 04:00:00+00:00,TSLA,322.04998779296875,95137700
2025-06-18 04:00:00+00:00,NVDA,145.47178649902344,161494100
2025-06-18 23:00:00+00:00,EURUSD=X,1.1477497816085815,0
2025-06-19 00:00:00+00:00,BTC-USD,104684.2890625,37333806920
2025-06-19 23:00:00+00:00,EURUSD=X,1.1512778997421265,0
2025-06-20 00:00:00+00:00,BTC-USD,103309.6015625,50951862476
2025-06-20 04:00:00+00:00,TSLA,322.1600036621094,108688000
2025-06-20 04:00:00+00:00,AAPL,200.5777130126953,96813500
2025-06-20 04:00:00+00:00,MSFT,475.7261047363281,37576200
2025-06-20 04:00:00+00:00,NVDA,143.84188842773438,242956200
2025-06-21 00:00:00+00:00,BTC-USD,102257.40625,38360555118
2025-06-22 00:00:00+00:00,BTC-USD,100987.140625,65536997201
2025-06-22 23:00:00+00:00,EURUSD=X,1.1500862836837769,0
2025-06-23 00:00:00+00:00,BTC-USD,105577.7734375,65237759656
2025-06-23 04:00:00+00:00,NVDA,144.161865234375,154308900
2025-06-23 04:00:00+00:00,AAPL,201.0766448974609,55814300
2025-06-23 04:00:00+00:00,TSLA,348.67999267578125,190716800
2025-06-23 04:00:00+00:00,MSFT,484.2959289550781,24864000
2025-06-23 23:00:00+00:00,EURUSD=X,1.1599044799804688,0
2025-06-24 00:00:00+00:00,BTC-USD,106045.6328125,48822986421
2025-06-24 04:00:00+00:00,NVDA,147.8916473388672,187566100
2025-06-24 04:00:00+00:00,TSLA,340.4700012207031,114736200
2025-06-24 04:00:00+00:00,MSFT,488.3915100097656,22305600
2025-06-24 04:00:00+00:00,AAPL,199.87918090820312,54064000
2025-06-24 23:00:00+00:00,EURUSD=X,1.161224365234375,0
2025-06-25 00:00:00+00:00,BTC-USD,107361.2578125,51624120283
2025-06-25 04:00:00+00:00,NVDA,154.30130004882812,269146500
2025-06-25 04:00:00+00:00,MSFT,490.5439453125,17495100
2025-06-25 04:00:00+00:00,AAPL,201.1365203857422,39525700
2025-06-25 04:00:00+00:00,TSLA,327.54998779296875,119845100
2025-06-25 23:00:00+00:00,EURUSD=X,1.1683744192123413,0
2025-06-26 00:00:00+00:00,BTC-USD,106960.0,43891990613
2025-06-26 04:00:00+00:00,NVDA,155.01126098632812,198145700
2025-06-26 04:00:00+00:00,TSLA,325.7799987792969,80440900
2025-06-26 04:00:00+00:00,AAPL,200.5777130126953,50799100
2025-06-26 04:00:00+00:00,MSFT,495.705810546875,21578900
2025-06-26 23:00:00+00:00,EURUSD=X,1.1692214012145996,0
2025-06-27 00:00:00+00:00,BTC-USD,107088.4296875,45353692675
2025-06-27 04:00:00+00:00,TSLA,323.6300048828125,89067000
2025-06-27 04:00:00+00:00,AAPL,200.6575469970703,73188600
2025-06-27 04:00:00+00:00,MSFT,494.20111083984375,34539200
2025-06-27 04:00:00+00:00,NVDA,157.74110412597656,263234500
2025-06-28 00:00:00+00:00,BTC-USD,107327.703125,30037708335
2025-06-29 00:00:00+00:00,BTC-USD,108385.5703125,35534874438
2025-06-29 23:00:00+00:00,EURUSD=X,1.1727453470230105,0
2025-06-30 00:00:00+00:00,BTC-USD,107135.3359375,42064804590
2025-06-30 04:00:00+00:00,MSFT,495.66595458984375,28369000
2025-06-30 04:00:00+00:00,TSLA,317.6600036621094,76695100
2025-06-30 04:00:00+00:00,NVDA,157.98109436035156,194580300
2025-06-30 04:00:00+00:00,AAPL,204.7389373779297,91912800
2025-06-30 23:00:00+00:00,EURUSD=X,1.178717017173767,0
2025-07-01 00:00:00+00:00,BTC-USD,105698.28125,44110692247
2025-07-01 04:00:00+00:00,MSFT,490.3247375488281,19945400
2025-07-01 04:00:00+00:00,NVDA,153.29136657714844,213143600
2025-07-01 04:00:00+00:00,AAPL,207.3833770751953,78788900
2025-07-01 04:00:00+00:00,TSLA,300.7099914550781,145085700
2025-07-01 23:00:00+00:00,EURUSD=X,1.180553913116455,0
2025-07-02 00:00:00+00:00,BTC-USD,108859.3203125,56248657737
2025-07-02 04:00:00+00:00,TSLA,315.6499938964844,119483700
2025-07-02 04:00:00+00:00,NVDA,157.2411346435547,171224100
2025-07-02 04:00:00+00:00,AAPL,211.99366760253903,67941800
2025-07-02 04:00:00+00:00,MSFT,489.36810302734375,16319600
2025-07-02 23:00:00+00:00,EURUSD=X,1.18002450466156,0
2025-07-03 00:00:00+00:00,BTC-USD,109647.9765625,50494742270
2025-07-03 04:00:00+00:00,AAPL,213.1013336181641,34955800
2025-07-03 04:00:00+00:00,TSLA,315.3500061035156,58042300
2025-07-03 04:00:00+00:00,NVDA,159.3310089111328,143716100
2025-07-03 04:00:00+00:00,MSFT,497.0909423828125,13984800
2025-07-03 23:00:00+00:00,EURUSD=X,1.1771491765975952,0
2025-07-04 00:00:00+00:00,BTC-USD,108034.3359375,42616442656
2025-07-05 00:00:00+00:00,BTC-USD,108231.1796875,30615537520
2025-07-06 00:00:00+00:00,BTC-USD,109232.0703125,36746020463
2025-07-06 23:00:00+00:00,EURUSD=X,1.178078293800354,0
2025-07-07 00:00:00+00:00,BTC-USD,108299.8515625,45415696597
2025-07-07 04:00:00+00:00,TSLA,293.94000244140625,131177900
2025-07-07 04:00:00+00:00,MSFT,495.974853515625,13981600
2025-07-07 04:00:00+00:00,AAPL,209.50889587402344,50229000
2025-07-07 04:00:00+00:00,NVDA,158.2310791015625,140139000
2025-07-07 23:00:00+00:00,EURUSD=X,1.1736538410186768,0
2025-07-08 00:00:00+00:00,BTC-USD,108950.2734375,44282204127
2025-07-08 04:00:00+00:00,TSLA,297.8099975585937,103246700
2025-07-08 04:00:00+00:00,AAPL,209.5687713623047,42848900
2025-07-08 04:00:00+00:00,NVDA,159.99098205566406,138133000
2025-07-08 04:00:00+00:00,MSFT,494.8786926269531,11846600
2025-07-08 23:00:00+00:00,EURUSD=X,1.1724566221237185,0
2025-07-09 00:00:00+00:00,BTC-USD,111326.5546875,57927418065
2025-07-09 04:00:00+00:00,MSFT,501.74456787109375,18659500
2025-07-09 04:00:00+00:00,TSLA,295.8800048828125,75586800
2025-07-09 04:00:00+00:00,NVDA,162.87081909179688,183656400
2025-07-09 04:00:00+00:00,AAPL,210.69639587402344,48749400
2025-07-09 23:00:00+00:00,EURUSD=X,1.17311692237854,0
2025-07-10 00:00:00+00:00,BTC-USD,115987.203125,95911605728
2025-07-10 04:00:00+00:00,MSFT,499.7216796875,16492100
2025-07-10 04:00:00+00:00,AAPL,211.9637451171875,44443600
2025-07-10 04:00:00+00:00,NVDA,164.09075927734375,167704100
2025-07-10 04:00:00+00:00,TSLA,309.8699951171875,104365300
2025-07-10 23:00:00+00:00,EURUSD=X,1.1702749729156494,0
2025-07-11 00:00:00+00:00,BTC-USD,117516.9921875,86928361085
2025-07-11 04:00:00+00:00,NVDA,164.91070556640625,193633300
2025-07-11 04:00:00+00:00,TSLA,313.510009765625,79236400
2025-07-11 04:00:00+00:00,AAPL,210.7163543701172,39765800
2025-07-11 04:00:00+00:00,MSFT,501.5552368164063,16459500
2025-07-12 00:00:00+00:00,BTC-USD,117435.2265625,45524560304
2025-07-13 00:00:00+00:00,BTC-USD,119116.1171875,49021091807
2025-07-13 23:00:00+00:00,EURUSD=X,1.1682106256484983,0
2025-07-14 00:00:00+00:00,BTC-USD,119849.703125,181746419401
2025-07-14 04:00:00+00:00,AAPL,208.1816864013672,38840100
2025-07-14 04:00:00+00:00,TSLA,316.8999938964844,78043400
2025-07-14 04:00:00+00:00,NVDA,164.06076049804688,136975800
2025-07-14 04:00:00+00:00,MSFT,501.2562561035156,12058800
2025-07-14 23:00:00+00:00,EURUSD=X,1.1666297912597656,0
2025-07-15 00:00:00+00:00,BTC-USD,117777.1875,98321661181
2025-07-15 04:00:00+00:00,AAPL,208.6706695556641,42296300
2025-07-15 04:00:00+00:00,NVDA,170.69036865234375,230627400
2025-07-15 04:00:00+00:00,MSFT,504.0464477539063,14927200
2025-07-15 04:00:00+00:00,TSLA,310.7799987792969,77556300
2025-07-15 23:00:00+00:00,EURUSD=X,1.160739183425903,0
2025-07-16 00:00:00+00:00,BTC-USD,118738.5078125,72162029070
2025-07-16 04:00:00+00:00,NVDA,171.36033630371094,158831500
2025-07-16 04:00:00+00:00,AAPL,209.7184600830078,47490500
2025-07-16 04:00:00+00:00,MSFT,503.8471374511719,15154400
2025-07-16 04:00:00+00:00,TSLA,321.6700134277344,97284800
2025-07-16 23:00:00+00:00,EURUSD=X,1.1635754108428955,0
2025-07-17 00:00:00+00:00,BTC-USD,119289.84375,72363841798
2025-07-17 04:00:00+00:00,MSFT,509.9058532714844,17503100
2025-07-17 04:00:00+00:00,TSLA,319.4100036621094,73922900
2025-07-17 04:00:00+00:00,AAPL,209.5787506103516,48068100
2025-07-17 04:00:00+00:00,NVDA,172.99024963378906,160841100
2025-07-17 23:00:00+00:00,EURUSD=X,1.161548137664795,0
2025-07-18 00:00:00+00:00,BTC-USD,118003.2265625,77945799785
2025-07-18 04:00:00+00:00,NVDA,172.40028381347656,146456400
2025-07-18 04:00:00+00:00,TSLA,329.6499938964844,94255000
2025-07-18 04:00:00+00:00,MSFT,508.2616271972656,21209700
2025-07-18 04:00:00+00:00,AAPL,210.7363128662109,48974600
2025-07-19 00:00:00+00:00,BTC-USD,117939.9765625,47564562765
2025-07-20 00:00:00+00:00,BTC-USD,117300.7890625,57515447231
2025-07-20 23:00:00+00:00,EURUSD=X,1.163074612617493,0
2025-07-21 00:00:00+00:00,BTC-USD,117439.5390625,69820091744
2025-07-21 04:00:00+00:00,NVDA,171.37034606933594,123126100
2025-07-21 04:00:00+00:00,AAPL,212.03358459472656,51377400
2025-07-21 04:00:00+00:00,TSLA,328.489990234375,75768800
2025-07-21 04:00:00+00:00,MSFT,508.2715759277344,14066800
2025-07-21 23:00:00+00:00,EURUSD=X,1.1694538593292236,0
2025-07-22 00:00:00+00:00,BTC-USD,119995.4140625,79217583118
2025-07-22 04:00:00+00:00,MSFT,503.4983825683594,13868600
2025-07-22 04:00:00+00:00,TSLA,332.1099853515625,77370400
2025-07-22 04:00:00+00:00,NVDA,167.0205841064453,193114300
2025-07-22 04:00:00+00:00,AAPL,213.9495391845703,46404100
2025-07-22 23:00:00+00:00,EURUSD=X,1.1739156246185305,0
2025-07-23 00:00:00+00:00,BTC-USD,118754.9609375,66608604537
2025-07-23 04:00:00+00:00,TSLA,332.5599975585937,92553800
2025-07-23 04:00:00+00:00,AAPL,213.7000732421875,46989300
2025-07-23 04:00:00+00:00,MSFT,504.0962829589844,16396600
2025-07-23 04:00:00+00:00,NVDA,170.77037048339844,154082200
2025-07-23 23:00:00+00:00,EURUSD=X,1.1774264574050903,0
2025-07-24 00:00:00+00:00,BTC-USD,118368.0,72627318560
2025-07-24 04:00:00+00:00,TSLA,305.29998779296875,156966000
2025-07-24 04:00:00+00:00,MSFT,509.0887145996094,16107000
2025-07-24 04:00:00+00:00,AAPL,213.31089782714844,46022600
2025-07-24 04:00:00+00:00,NVDA,173.73020935058594,128984600
2025-07-24 23:00:00+00:00,EURUSD=X,1.1756131649017334,0
2025-07-25 00:00:00+00:00,BTC-USD,117635.8828125,104857024569
2025-07-25 04:00:00+00:00,TSLA,316.0599975585937,148227000
2025-07-25 04:00:00+00:00,MSFT,511.9088439941406,19125700
2025-07-25 04:00:00+00:00,AAPL,213.4306488037109,40268800
2025-07-25 04:00:00+00:00,NVDA,173.49021911621094,122316800
2025-07-26 00:00:00+00:00,BTC-USD,117947.3671875,48508954046
2025-07-27 00:00:00+00:00,BTC-USD,119448.4921875,54683390892
2025-07-27 23:00:00+00:00,EURUSD=X,1.1756821870803833,0
2025-07-28 00:00:00+00:00,BTC-USD,117924.4765625,64822943193
2025-07-28 04:00:00+00:00,TSLA,325.5899963378906,112673800
2025-07-28 04:00:00+00:00,NVDA,176.7400360107422,140023500
2025-07-28 04:00:00+00:00,AAPL,213.6002960205078,37858000
2025-07-28 04:00:00+00:00,MSFT,510.7030334472656,14308000
2025-07-28 23:00:00+00:00,EURUSD=X,1.1596757173538208,0
2025-07-29 00:00:00+00:00,BTC-USD,117922.1484375,68463107433
2025-07-29 04:00:00+00:00,NVDA,175.50009155273438,154077500
2025-07-29 04:00:00+00:00,MSFT,510.7727966308594,16469200
2025-07-29 04:00:00+00:00,AAPL,210.8261260986328,51411700
2025-07-29 04:00:00+00:00,TSLA,321.20001220703125,87358900
2025-07-29 23:00:00+00:00,EURUSD=X,1.1550945043563845,0
2025-07-30 00:00:00+00:00,BTC-USD,117831.1875,68896148592
2025-07-30 04:00:00+00:00,TSLA,319.0400085449219,83931900
2025-07-30 04:00:00+00:00,AAPL,208.6107940673828,45512500
2025-07-30 04:00:00+00:00,NVDA,179.25990295410156,174312200
2025-07-30 04:00:00+00:00,MSFT,511.4404296875,26380400
2025-07-30 23:00:00+00:00,EURUSD=X,1.1429355144500732,0
2025-07-31 00:00:00+00:00,BTC-USD,115758.203125,69370346018
2025-07-31 04:00:00+00:00,NVDA,177.85997009277344,221685400
2025-07-31 04:00:00+00:00,TSLA,308.2699890136719,85270900
2025-07-31 04:00:00+00:00,MSFT,531.62939453125,51617300
2025-07-31 04:00:00+00:00,AAPL,207.1339111328125,80698400
2025-07-31 23:00:00+00:00,EURUSD=X,1.142374038696289,0
2025-08-01 00:00:00+00:00,BTC-USD,113320.0859375,91294530181
2025-08-01 04:00:00+00:00,TSLA,302.6300048828125,89121400
2025-08-01 04:00:00+00:00,MSFT,522.2723388671875,28977600
2025-08-01 04:00:00+00:00,NVDA,173.710205078125,204529000
2025-08-01 04:00:00+00:00,AAPL,201.95480346679688,104434500
2025-08-02 00:00:00+00:00,BTC-USD,112526.9140625,56870866000
2025-08-03 00:00:00+00:00,BTC-USD,114217.671875,48099615826
2025-08-03 23:00:00+00:00,EURUSD=X,1.158668041229248,0
2025-08-04 00:00:00+00:00,BTC-USD,115071.8828125,35783028986
2025-08-04 04:00:00+00:00,MSFT,533.7619018554688,25349000
2025-08-04 04:00:00+00:00,NVDA,179.98985290527344,148174600
2025-08-04 04:00:00+00:00,TSLA,309.260009765625,78683900
2025-08-04 04:00:00+00:00,AAPL,202.9227752685547,75109300
2025-08-04 23:00:00+00:00,EURUSD=X,1.1584129333496094,0
2025-08-05 00:00:00+00:00,BTC-USD,114141.4453125,61039182286
2025-08-05 04:00:00+00:00,AAPL,202.49366760253903,44155100
2025-08-05 04:00:00+00:00,TSLA,308.7200012207031,57961300
2025-08-05 04:00:00+00:00,MSFT,525.8995361328125,19171600
2025-08-05 04:00:00+00:00,NVDA,178.24993896484375,156407600
2025-08-05 23:00:00+00:00,EURUSD=X,1.1579166650772097,0
2025-08-06 00:00:00+00:00,BTC-USD,115028.0,56379133510
2025-08-06 04:00:00+00:00,NVDA,179.40988159179688,137192300
2025-08-06 04:00:00+00:00,MSFT,523.0994262695312,21355700
2025-08-06 04:00:00+00:00,AAPL,212.8019561767578,108483100
2025-08-06 04:00:00+00:00,TSLA,319.9100036621094,78523600
2025-08-06 23:00:00+00:00,EURUSD=X,1.1663167476654053,0
2025-08-07 00:00:00+00:00,BTC-USD,117496.8984375,64051649681
2025-08-07 04:00:00+00:00,NVDA,180.7598114013672,151878400
2025-08-07 04:00:00+00:00,AAPL,219.5677185058593,90224800
2025-08-07 04:00:00+00:00,TSLA,322.2699890136719,66658700
2025-08-07 04:00:00+00:00,MSFT,519.0138549804688,16079100
2025-08-07 23:00:00+00:00,EURUSD=X,1.1676650047302246,0
2025-08-08 00:00:00+00:00,BTC-USD,116688.7265625,59713005166
2025-08-08 04:00:00+00:00,MSFT,520.2095947265625,15531000
2025-08-08 04:00:00+00:00,TSLA,329.6499938964844,91200300
2025-08-08 04:00:00+00:00,AAPL,228.86813354492188,113854000
2025-08-08 04:00:00+00:00,NVDA,182.689697265625,123396700
2025-08-09 00:00:00+00:00,BTC-USD,116500.359375,54004312429
2025-08-10 00:00:00+00:00,BTC-USD,119306.7578125,64755458694
2025-08-10 23:00:00+00:00,EURUSD=X,1.1647952795028689,0
2025-08-11 00:00:00+00:00,BTC-USD,118731.4453125,90528784177
2025-08-11 04:00:00+00:00,MSFT,519.9405517578125,20194400
2025-08-11 04:00:00+00:00,AAPL,226.95997619628903,61806100
2025-08-11 04:00:00+00:00,TSLA,339.0299987792969,105320200
2025-08-11 04:00:00+00:00,NVDA,182.0497283935547,138323200
2025-08-11 23:00:00+00:00,EURUSD=X,1.1618449687957764,0
2025-08-12 00:00:00+00:00,BTC-USD,120172.90625,72803657984
2025-08-12 04:00:00+00:00,MSFT,527.3843383789062,18667000
2025-08-12 04:00:00+00:00,TSLA,340.8399963378906,80522100
2025-08-12 04:00:00+00:00,NVDA,183.1496734619141,145485700
2025-08-12 04:00:00+00:00,AAPL,229.4275817871093,55626200
2025-08-12 23:00:00+00:00,EURUSD=X,1.1677058935165403,0
2025-08-13 00:00:00+00:00,BTC-USD,123344.0625,90904808795
2025-08-13 04:00:00+00:00,AAPL,233.10403442382807,69878500
2025-08-13 04:00:00+00:00,TSLA,339.3800048828125,67838900
2025-08-13 04:00:00+00:00,MSFT,518.7547607421875,19619200
2025-08-13 04:00:00+00:00,NVDA,181.5797576904297,179871700
2025-08-13 23:00:00+00:00,EURUSD=X,1.171289324760437,0
2025-08-14 00:00:00+00:00,BTC-USD,118359.578125,104055627395
2025-08-14 04:00:00+00:00,AAPL,232.5545654296875,51916300
2025-08-14 04:00:00+00:00,NVDA,182.00973510742188,129554000
2025-08-14 04:00:00+00:00,MSFT,520.6480102539062,20269100
2025-08-14 04:00:00+00:00,TSLA,335.5799865722656,75000700
2025-08-14 23:00:00+00:00,EURUSD=X,1.1651345491409302,0
2025-08-15 00:00:00+00:00,BTC-USD,117398.3515625,68665353159
2025-08-15 04:00:00+00:00,TSLA,330.5599975585937,74319800
2025-08-15 04:00:00+00:00,AAPL,231.3657073974609,56038700
2025-08-15 04:00:00+00:00,MSFT,518.3461303710938,25213300
2025-08-15 04:00:00+00:00,NVDA,180.4398193359375,156602200
2025-08-16 00:00:00+00:00,BTC-USD,117491.3515625,48036922378
2025-08-17 00:00:00+00:00,BTC-USD,117453.0625,45852169525
2025-08-17 23:00:00+00:00,EURUSD=X,1.1706587076187134,0
2025-08-18 00:00:00+00:00,BTC-USD,116252.3125,72787808090
2025-08-18 04:00:00+00:00,AAPL,230.66639709472656,37476200
2025-08-18 04:00:00+00:00,TSLA,335.1600036621094,56956600
2025-08-18 04:00:00+00:00,NVDA,181.99972534179688,132008000
2025-08-18 04:00:00+00:00,MSFT,515.286865234375,23760600
2025-08-18 23:00:00+00:00,EURUSD=X,1.1668338775634766,0
2025-08-19 00:00:00+00:00,BTC-USD,112831.1796875,71657600353
2025-08-19 04:00:00+00:00,NVDA,175.63009643554688,185229200
2025-08-19 04:00:00+00:00,MSFT,507.9826049804688,21481000
2025-08-19 04:00:00+00:00,AAPL,230.3367156982422,39402600
2025-08-19 04:00:00+00:00,TSLA,329.3099975585937,75956000
2025-08-19 23:00:00+00:00,EURUSD=X,1.164252758026123,0
2025-08-20 00:00:00+00:00,BTC-USD,114274.7421875,67993811526
2025-08-20 04:00:00+00:00,NVDA,175.39010620117188,215142700
2025-08-20 04:00:00+00:00,MSFT,503.9468078613281,27723000
2025-08-20 04:00:00+00:00,TSLA,323.8999938964844,77481800
2025-08-20 04:00:00+00:00,AAPL,225.7911071777344,42263900
2025-08-20 23:00:00+00:00,EURUSD=X,1.165175199508667,0
2025-08-21 00:00:00+00:00,BTC-USD,112419.03125,57817883700
2025-08-21 04:00:00+00:00,TSLA,320.1099853515625,55744400
2025-08-21 04:00:00+00:00,MSFT,503.2980041503906,18443300
2025-08-21 04:00:00+00:00,NVDA,174.97012329101562,140040900
2025-08-21 04:00:00+00:00,AAPL,224.68218994140625,30621200
2025-08-21 23:00:00+00:00,EURUSD=X,1.16130530834198,0
2025-08-22 00:00:00+00:00,BTC-USD,116874.0859375,82528088240
2025-08-22 04:00:00+00:00,NVDA,177.97996520996094,172789400
2025-08-22 04:00:00+00:00,TSLA,340.010009765625,94016300
2025-08-22 04:00:00+00:00,MSFT,506.2824401855469,24324200
2025-08-22 04:00:00+00:00,AAPL,227.53941345214844,42477800
2025-08-23 00:00:00+00:00,BTC-USD,115374.328125,55377142586
2025-08-24 00:00:00+00:00,BTC-USD,113458.4296875,73961489632
2025-08-24 23:00:00+00:00,EURUSD=X,1.1709601879119873,0
2025-08-25 00:00:00+00:00,BTC-USD,110124.3515625,85706860190
2025-08-25 04:00:00+00:00,NVDA,179.79986572265625,163012800
2025-08-25 04:00:00+00:00,AAPL,226.94000244140625,30983100
2025-08-25 04:00:00+00:00,MSFT,503.3179931640625,21638600
2025-08-25 04:00:00+00:00,TSLA,346.6000061035156,86670000
2025-08-25 23:00:00+00:00,EURUSD=X,1.1618449687957764,0
2025-08-26 00:00:00+00:00,BTC-USD,111802.65625,69396320317
2025-08-26 04:00:00+00:00,NVDA,181.7597503662109,168688200
2025-08-26 04:00:00+00:00,MSFT,501.1021423339844,30835700
2025-08-26 04:00:00+00:00,TSLA,351.6700134277344,76651600
2025-08-26 04:00:00+00:00,AAPL,229.08792114257807,54575100
2025-08-26 23:00:00+00:00,EURUSD=X,1.1639411449432373,0
2025-08-27 00:00:00+00:00,BTC-USD,111222.0625,62137056409
2025-08-27 04:00:00+00:00,AAPL,230.26678466796875,31259500
2025-08-27 04:00:00+00:00,MSFT,505.7933349609375,17277900
2025-08-27 04:00:00+00:00,NVDA,181.5897674560547,235518900
2025-08-27 04:00:00+00:00,TSLA,349.6000061035156,65519000
2025-08-27 23:00:00+00:00,EURUSD=X,1.1647952795028689,0
2025-08-28 00:00:00+00:00,BTC-USD,112544.8046875,58860155962
2025-08-28 04:00:00+00:00,MSFT,508.68792724609375,18015600
2025-08-28 04:00:00+00:00,TSLA,345.9800109863281,67903200
2025-08-28 04:00:00+00:00,NVDA,180.1598358154297,281787800
2025-08-28 04:00:00+00:00,AAPL,232.33477783203125,38074700
2025-08-28 23:00:00+00:00,EURUSD=X,1.1681560277938845,0
2025-08-29 00:00:00+00:00,BTC-USD,108410.8359375,77843379644
2025-08-29 04:00:00+00:00,AAPL,231.9151763916016,39418400
2025-08-29 04:00:00+00:00,MSFT,505.7434387207031,20961600
2025-08-29 04:00:00+00:00,TSLA,333.8699951171875,81145700
2025-08-29 04:00:00+00:00,NVDA,174.170166015625,243257900
2025-08-30 00:00:00+00:00,BTC-USD,108808.0703125,51486264208
2025-08-31 00:00:00+00:00,BTC-USD,108236.7109375,47986191770
2025-08-31 23:00:00+00:00,EURUSD=X,1.169180393218994,0
2025-09-01 00:00:00+00:00,BTC-USD,109250.59375,66870372995
2025-09-01 23:00:00+00:00,EURUSD=X,1.1715912818908691,0
2025-09-02 00:00:00+00:00,BTC-USD,111200.5859375,74776999491
2025-09-02 04:00:00+00:00,MSFT,504.1763610839844,18128000
2025-09-02 04:00:00+00:00,TSLA,329.3599853515625,58392000
2025-09-02 04:00:00+00:00,AAPL,229.49752807617188,44075600
2025-09-02 04:00:00+00:00,NVDA,170.77037048339844,231164900
2025-09-02 23:00:00+00:00,EURUSD=X,1.163602590560913,0
2025-09-03 00:00:00+00:00,BTC-USD,111723.2109375,61119643565
2025-09-03 04:00:00+00:00,MSFT,504.4059448242188,16345100
2025-09-03 04:00:00+00:00,TSLA,334.0899963378906,88733300
2025-09-03 04:00:00+00:00,NVDA,170.61038208007812,164424900
2025-09-03 04:00:00+00:00,AAPL,238.2390594482422,66427800
2025-09-03 23:00:00+00:00,EURUSD=X,1.16604483127594,0
2025-09-04 00:00:00+00:00,BTC-USD,110723.6015625,60131132901
2025-09-04 04:00:00+00:00,AAPL,239.5477752685547,47549400
2025-09-04 04:00:00+00:00,MSFT,507.0210571289063,15509500
2025-09-04 04:00:00+00:00,TSLA,338.5299987792969,60711000
2025-09-04 04:00:00+00:00,NVDA,171.65032958984375,141670100
2025-09-04 23:00:00+00:00,EURUSD=X,1.165691375732422,0
2025-09-05 00:00:00+00:00,BTC-USD,110650.984375,60241647677
2025-09-05 04:00:00+00:00,NVDA,167.01058959960938,224441400
2025-09-05 04:00:00+00:00,TSLA,350.8399963378906,108989800
2025-09-05 04:00:00+00:00,MSFT,494.0752868652344,31994800
2025-09-05 04:00:00+00:00,AAPL,239.45787048339844,54870400
2025-09-06 00:00:00+00:00,BTC-USD,110224.6953125,21500719036
2025-09-07 00:00:00+00:00,BTC-USD,111167.6171875,24618007520
2025-09-07 23:00:00+00:00,EURUSD=X,1.1713168621063232,0
2025-09-08 00:00:00+00:00,BTC-USD,112071.4296875,40212813407
2025-09-08 04:00:00+00:00,AAPL,237.64962768554688,48999500
2025-09-08 04:00:00+00:00,NVDA,168.30050659179688,163769100
2025-09-08 04:00:00+00:00,TSLA,346.3999938964844,75208300
2025-09-08 04:00:00+00:00,MSFT,497.2693176269531,16771000
2025-09-08 23:00:00+00:00,EURUSD=X,1.1769136190414429,0
2025-09-09 00:00:00+00:00,BTC-USD,111530.546875,45984480722
2025-09-09 04:00:00+00:00,MSFT,497.4789123535156,14410500
2025-09-09 04:00:00+00:00,TSLA,346.9700012207031,53816000
2025-09-09 04:00:00+00:00,AAPL,234.123046875,66313900
2025-09-09 04:00:00+00:00,NVDA,170.7503662109375,157548400
2025-09-09 23:00:00+00:00,EURUSD=X,1.1702749729156494,0
2025-09-10 00:00:00+00:00,BTC-USD,113955.359375,56377473784
2025-09-10 04:00:00+00:00,NVDA,177.32000732421875,226852000
2025-09-10 04:00:00+00:00,MSFT,499.4352416992188,21611800
2025-09-10 04:00:00+00:00,AAPL,226.5703582763672,83440800
2025-09-10 04:00:00+00:00,TSLA,347.7900085449219,72121700
2025-09-10 23:00:00+00:00,EURUSD=X,1.1703435182571411,0
2025-09-11 00:00:00+00:00,BTC-USD,115507.5390625,45685065332
2025-09-11 04:00:00+00:00,MSFT,500.0740661621094,18881600
2025-09-11 04:00:00+00:00,TSLA,368.80999755859375,103756000
2025-09-11 04:00:00+00:00,AAPL,229.8072204589844,50208600
2025-09-11 04:00:00+00:00,NVDA,177.1699981689453,151159300
2025-09-11 23:00:00+00:00,EURUSD=X,1.1734747886657717,0
2025-09-12 00:00:00+00:00,BTC-USD,116101.578125,54785725894
2025-09-12 04:00:00+00:00,TSLA,395.9400024414063,168156400
2025-09-12 04:00:00+00:00,NVDA,177.82000732421875,124911000
2025-09-12 04:00:00+00:00,MSFT,508.9474487304688,23624900
2025-09-12 04:00:00+00:00,AAPL,233.84332275390625,55824200
2025-09-13 00:00:00+00:00,BTC-USD,115950.5078125,34549454947
2025-09-14 00:00:00+00:00,BTC-USD,115407.65625,32798036057
2025-09-14 23:00:00+00:00,EURUSD=X,1.1726491451263428,0
2025-09-15 00:00:00+00:00,BTC-USD,115444.875,52937859416
2025-09-15 04:00:00+00:00,NVDA,177.75,147061600
2025-09-15 04:00:00+00:00,MSFT,514.397216796875,17143800
2025-09-15 04:00:00+00:00,TSLA,410.0400085449219,163823700
2025-09-15 04:00:00+00:00,AAPL,236.47076416015625,42699500
2025-09-15 23:00:00+00:00,EURUSD=X,1.1763737201690674,0
2025-09-16 00:00:00+00:00,BTC-USD,116843.1875,45781744593
2025-09-16 04:00:00+00:00,NVDA,174.8800048828125,140737800
2025-09-16 04:00:00+00:00,MSFT,508.0890502929688,19711900
2025-09-16 04:00:00+00:00,AAPL,237.9193572998047,63421100
2025-09-16 04:00:00+00:00,TSLA,421.6199951171875,104285700
2025-09-16 23:00:00+00:00,EURUSD=X,1.1871408224105835,0
2025-09-17 00:00:00+00:00,BTC-USD,116468.5078125,60528025996
2025-09-17 04:00:00+00:00,AAPL,238.7585601806641,46508000
2025-09-17 04:00:00+00:00,NVDA,170.2899932861328,211843800
2025-09-17 04:00:00+00:00,TSLA,425.8599853515625,106133500
2025-09-17 04:00:00+00:00,MSFT,509.0671997070313,15816600
2025-09-17 23:00:00+00:00,EURUSD=X,1.1826341152191162,0
2025-09-18 00:00:00+00:00,BTC-USD,117137.203125,49457272032
2025-09-18 04:00:00+00:00,MSFT,507.5001525878906,18913700
2025-09-18 04:00:00+00:00,NVDA,176.24000549316406,191763300
2025-09-18 04:00:00+00:00,TSLA,416.8500061035156,90454500
2025-09-18 04:00:00+00:00,AAPL,237.64962768554688,44249600
2025-09-18 23:00:00+00:00,EURUSD=X,1.1791062355041504,0
2025-09-19 00:00:00+00:00,BTC-USD,115688.859375,38828473971
2025-09-19 04:00:00+00:00,NVDA,176.6699981689453,237182100
2025-09-19 04:00:00+00:00,TSLA,426.0700073242188,93131000
2025-09-19 04:00:00+00:00,MSFT,516.96240234375,52474100
2025-09-19 04:00:00+00:00,AAPL,245.26223754882807,163741300
2025-09-20 00:00:00+00:00,BTC-USD,115721.9609375,22864449614
2025-09-21 00:00:00+00:00,BTC-USD,115306.09375,22495852193
2025-09-21 23:00:00+00:00,EURUSD=X,1.173695087432861,0
2025-09-22 00:00:00+00:00,BTC-USD,112748.5078125,70684158591
2025-09-22 04:00:00+00:00,TSLA,434.2099914550781,97108800
2025-09-22 04:00:00+00:00,NVDA,183.6100006103516,269637000
2025-09-22 04:00:00+00:00,AAPL,255.8319854736328,105517400
2025-09-22 04:00:00+00:00,MSFT,513.4889526367188,20009300
2025-09-22 23:00:00+00:00,EURUSD=X,1.1801080703735352,0
2025-09-23 00:00:00+00:00,BTC-USD,112014.5,47211853279
2025-09-23 04:00:00+00:00,AAPL,254.18359375,60275200
2025-09-23 04:00:00+00:00,NVDA,178.42999267578125,192559600
2025-09-23 04:00:00+00:00,TSLA,425.8500061035156,83422700
2025-09-23 04:00:00+00:00,MSFT,508.2787170410156,19799600
2025-09-23 23:00:00+00:00,EURUSD=X,1.181446552276611,0
2025-09-24 00:00:00+00:00,BTC-USD,113328.6328125,48044595085
2025-09-24 04:00:00+00:00,AAPL,252.06564331054688,42303700
2025-09-24 04:00:00+00:00,NVDA,176.97000122070312,143564100
2025-09-24 04:00:00+00:00,MSFT,509.1969604492188,13533700
2025-09-24 04:00:00+00:00,TSLA,442.7900085449219,93133600
2025-09-24 23:00:00+00:00,EURUSD=X,1.1744670867919922,0
2025-09-25 00:00:00+00:00,BTC-USD,109049.2890625,75528654284
2025-09-25 04:00:00+00:00,TSLA,423.3900146484375,96746400
2025-09-25 04:00:00+00:00,NVDA,177.69000244140625,191586700
2025-09-25 04:00:00+00:00,MSFT,506.0827941894531,15786500
2025-09-25 04:00:00+00:00,AAPL,256.6212158203125,55202100
2025-09-25 23:00:00+00:00,EURUSD=X,1.166275978088379,0
2025-09-26 00:00:00+00:00,BTC-USD,109712.828125,57738288949
2025-09-26 04:00:00+00:00,AAPL,255.2126007080078,46076300
2025-09-26 04:00:00+00:00,TSLA,440.3999938964844,101628200
2025-09-26 04:00:00+00:00,NVDA,178.19000244140625,148573700
2025-09-26 04:00:00+00:00,MSFT,510.5045166015625,16213100
2025-09-27 00:00:00+00:00,BTC-USD,109681.9453125,26308042910
2025-09-28 00:00:00+00:00,BTC-USD,112122.640625,33371048505
2025-09-28 23:00:00+00:00,EURUSD=X,1.170823097229004,0
2025-09-29 00:00:00+00:00,BTC-USD,114400.3828125,60000147466
2025-09-29 04:00:00+00:00,MSFT,513.6386108398438,17617800
2025-09-29 04:00:00+00:00,NVDA,181.8500061035156,193063500
2025-09-29 04:00:00+00:00,AAPL,254.18359375,40127700
2025-09-29 04:00:00+00:00,TSLA,443.2099914550781,79491500
2025-09-29 23:00:00+00:00,EURUSD=X,1.1731443405151367,0
2025-09-30 00:00:00+00:00,BTC-USD,114056.0859375,58986330258
2025-09-30 04:00:00+00:00,TSLA,444.7200012207031,74358000
2025-09-30 04:00:00+00:00,NVDA,186.5800018310547,236981000
2025-09-30 04:00:00+00:00,AAPL,254.38340759277344,37704300
2025-09-30 04:00:00+00:00,MSFT,516.982421875,19728200
2025-09-30 23:00:00+00:00,EURUSD=X,1.1735849380493164,0
2025-10-01 00:00:00+00:00,BTC-USD,118648.9296875,71328680132
2025-10-01 04:00:00+00:00,MSFT,518.7391357421875,22632300
2025-10-01 04:00:00+00:00,AAPL,255.20260620117188,48713900
2025-10-01 04:00:00+00:00,NVDA,187.2400054931641,173844900
2025-10-01 04:00:00+00:00,TSLA,459.4599914550781,98122300
2025-10-01 23:00:00+00:00,EURUSD=X,1.1734058856964111,0
2025-10-02 00:00:00+00:00,BTC-USD,120681.2578125,71415163912
2025-10-02 04:00:00+00:00,AAPL,256.8809814453125,42630200
2025-10-02 04:00:00+00:00,MSFT,514.7765502929688,21222900
2025-10-02 04:00:00+00:00,TSLA,436.0,137009000
2025-10-02 04:00:00+00:00,NVDA,188.88999938964844,136805800
2025-10-02 23:00:00+00:00,EURUSD=X,1.1725116968154907,0
2025-10-03 00:00:00+00:00,BTC-USD,122266.53125,83941392228
2025-10-03 04:00:00+00:00,TSLA,429.8299865722656,133188200
2025-10-03 04:00:00+00:00,AAPL,257.7701110839844,49155600
2025-10-03 04:00:00+00:00,NVDA,187.6199951171875,137596900
2025-10-03 04:00:00+00:00,MSFT,516.3834838867188,15112300
2025-10-04 00:00:00+00:00,BTC-USD,122425.4296875,36769171735
2025-10-05 00:00:00+00:00,BTC-USD,123513.4765625,73689317763
2025-10-05 23:00:00+00:00,EURUSD=X,1.171248197555542,0
2025-10-06 00:00:00+00:00,BTC-USD,124752.53125,72568881188
2025-10-06 04:00:00+00:00,AAPL,256.44140625,44664100
2025-10-06 04:00:00+00:00,NVDA,185.5399932861328,157678100
2025-10-06 04:00:00+00:00,MSFT,527.5825805664062,21388600
2025-10-06 04:00:00+00:00,TSLA,453.25,85324900
2025-10-06 23:00:00+00:00,EURUSD=X,1.171028733253479,0
2025-10-07 00:00:00+00:00,BTC-USD,121451.3828125,76149412513
2025-10-07 04:00:00+00:00,AAPL,256.23162841796875,31955800
2025-10-07 04:00:00+00:00,MSFT,523.0010986328125,14615200
2025-10-07 04:00:00+00:00,NVDA,185.0399932861328,140088000
2025-10-07 04:00:00+00:00,TSLA,433.0899963378906,102296100
2025-10-07 23:00:00+00:00,EURUSD=X,1.1654603481292725,0
2025-10-08 00:00:00+00:00,BTC-USD,123354.8671875,65354305286
2025-10-08 04:00:00+00:00,TSLA,438.6900024414063,71192100
2025-10-08 04:00:00+00:00,AAPL,257.8100891113281,36496900
2025-10-08 04:00:00+00:00,MSFT,523.8695068359375,13363400
2025-10-08 04:00:00+00:00,NVDA,189.1100006103516,130168900
2025-10-08 23:00:00+00:00,EURUSD=X,1.1631964445114136,0
2025-10-09 00:00:00+00:00,BTC-USD,121705.5859375,74653009425
2025-10-09 04:00:00+00:00,MSFT,521.4241333007812,18343600
2025-10-09 04:00:00+00:00,AAPL,253.79396057128903,38322000
2025-10-09 04:00:00+00:00,NVDA,192.57000732421875,182997200
2025-10-09 04:00:00+00:00,TSLA,435.5400085449219,69339900
2025-10-09 23:00:00+00:00,EURUSD=X,1.156644344329834,0
2025-10-10 00:00:00+00:00,BTC-USD,113214.3671875,153125018868
2025-10-10 04:00:00+00:00,AAPL,245.032470703125,61999100
2025-10-10 04:00:00+00:00,NVDA,183.1600036621093,268774400
2025-10-10 04:00:00+00:00,MSFT,510.0054626464844,24133800
2025-10-10 04:00:00+00:00,TSLA,413.489990234375,112107900
2025-10-11 00:00:00+00:00,BTC-USD,110807.8828125,110236934340
2025-10-12 00:00:00+00:00,BTC-USD,115169.765625,93710414091
2025-10-12 23:00:00+00:00,EURUSD=X,1.160240888595581,0
2025-10-13 00:00:00+00:00,BTC-USD,115271.078125,71582026739
2025-10-13 04:00:00+00:00,TSLA,435.8999938964844,79552800
2025-10-13 04:00:00+00:00,NVDA,188.32000732421875,153482800
2025-10-13 04:00:00+00:00,AAPL,247.420150756836,38142900
2025-10-13 04:00:00+00:00,MSFT,513.0896606445312,14284200
2025-10-13 23:00:00+00:00,EURUSD=X,1.1566845178604126,0
2025-10-14 00:00:00+00:00,BTC-USD,113118.6640625,92212917403
2025-10-14 04:00:00+00:00,MSFT,512.610595703125,14684300
2025-10-14 04:00:00+00:00,TSLA,429.239990234375,72669400
2025-10-14 04:00:00+00:00,NVDA,180.02999877929688,205641400
2025-10-14 04:00:00+00:00,AAPL,247.5300445556641,35478000
2025-10-14 23:00:00+00:00,EURUSD=X,1.1602274179458618,0
2025-10-15 00:00:00+00:00,BTC-USD,110783.1640625,72574132855
2025-10-15 04:00:00+00:00,AAPL,249.09852600097656,33893600
2025-10-15 04:00:00+00:00,MSFT,512.4708251953125,14694700
2025-10-15 04:00:00+00:00,NVDA,179.8300018310547,214450500
2025-10-15 04:00:00+00:00,TSLA,435.1499938964844,71558200
2025-10-15 23:00:00+00:00,EURUSD=X,1.1646324396133425,0
2025-10-16 00:00:00+00:00,BTC-USD,108186.0390625,87306423067
2025-10-16 04:00:00+00:00,MSFT,510.65423583984375,15559600
2025-10-16 04:00:00+00:00,AAPL,247.2103576660156,39777000
2025-10-16 04:00:00+00:00,NVDA,181.8099975585937,179723300
2025-10-16 04:00:00+00:00,TSLA,428.75,77189900
2025-10-16 23:00:00+00:00,EURUSD=X,1.1699601411819458,0
2025-10-17 00:00:00+00:00,BTC-USD,106467.7890625,99703051669
2025-10-17 04:00:00+00:00,MSFT,512.62060546875,19867800
2025-10-17 04:00:00+00:00,NVDA,183.22000122070312,173135200
2025-10-17 04:00:00+00:00,TSLA,439.30999755859375,89331600
2025-10-17 04:00:00+00:00,AAPL,252.045654296875,49147000
2025-10-18 00:00:00+00:00,BTC-USD,107198.265625,37779905278
2025-10-19 00:00:00+00:00,BTC-USD,108666.7109375,47657008953
2025-10-19 23:00:00+00:00,EURUSD=X,1.165745735168457,0
2025-10-20 00:00:00+00:00,BTC-USD,110588.9296875,63507793085
2025-10-20 04:00:00+00:00,AAPL,261.98602294921875,90483000
2025-10-20 04:00:00+00:00,TSLA,447.4299926757813,63719000
2025-10-20 04:00:00+00:00,MSFT,515.8245239257812,14665600
2025-10-20 04:00:00+00:00,NVDA,182.63999938964844,128544700
2025-10-20 23:00:00+00:00,EURUSD=X,1.164442539215088,0
2025-10-21 00:00:00+00:00,BTC-USD,108476.890625,101194375480
2025-10-21 04:00:00+00:00,NVDA,181.1600036621093,124240200
2025-10-21 04:00:00+00:00,AAPL,262.5155029296875,46695900
2025-10-21 04:00:00+00:00,MSFT,516.6929321289062,15586200
2025-10-21 04:00:00+00:00,TSLA,442.6000061035156,54412200
2025-10-21 23:00:00+00:00,EURUSD=X,1.160038948059082,0
2025-10-22 00:00:00+00:00,BTC-USD,107688.5859375,80807013218
2025-10-22 04:00:00+00:00,NVDA,180.27999877929688,162249600
2025-10-22 04:00:00+00:00,AAPL,258.19970703125,45015300
2025-10-22 04:00:00+00:00,TSLA,438.9700012207031,84023500
2025-10-22 04:00:00+00:00,MSFT,519.5675659179688,18962700
2025-10-22 23:00:00+00:00,EURUSD=X,1.1608469486236572,0
2025-10-23 00:00:00+00:00,BTC-USD,110069.7265625,54944076060
2025-10-23 04:00:00+00:00,NVDA,182.1600036621093,111363700
2025-10-23 04:00:00+00:00,MSFT,519.5875244140625,14023500
2025-10-23 04:00:00+00:00,AAPL,259.3285827636719,32754900
2025-10-23 04:00:00+00:00,TSLA,448.9800109863281,126709800
2025-10-23 23:00:00+00:00,EURUSD=X,1.1618045568466189,0
2025-10-24 00:00:00+00:00,BTC-USD,111033.921875,48160816980
2025-10-24 04:00:00+00:00,MSFT,522.6318359375,15532400
2025-10-24 04:00:00+00:00,NVDA,186.259994506836,131296700
2025-10-24 04:00:00+00:00,TSLA,433.7200012207031,94727800
2025-10-24 04:00:00+00:00,AAPL,262.56549072265625,38253700
2025-10-25 00:00:00+00:00,BTC-USD,111641.7265625,24707667305
2025-10-26 00:00:00+00:00,BTC-USD,114472.4453125,41708524143
2025-10-27 00:00:00+00:00,BTC-USD,114119.328125,61761358733
2025-10-27 00:00:00+00:00,EURUSD=X,1.1631693840026855,0
2025-10-27 04:00:00+00:00,AAPL,268.5496520996094,44888200
2025-10-27 04:00:00+00:00,NVDA,191.4900054931641,153452700
2025-10-27 04:00:00+00:00,MSFT,530.527099609375,18734700
2025-10-27 04:00:00+00:00,TSLA,452.4200134277344,105867500
2025-10-28 00:00:00+00:00,BTC-USD,112956.1640625,64528066504
2025-10-28 00:00:00+00:00,EURUSD=X,1.165175199508667,0
2025-10-28 04:00:00+00:00,NVDA,201.02999877929688,297986200
2025-10-28 04:00:00+00:00,AAPL,268.7394714355469,41534800
2025-10-28 04:00:00+00:00,TSLA,460.5499877929688,80185700
2025-10-28 04:00:00+00:00,MSFT,541.057373046875,29986700
2025-10-29 00:00:00+00:00,BTC-USD,110055.3046875,62192043469
2025-10-29 00:00:00+00:00,EURUSD=X,1.1657865047454834,0
2025-10-29 04:00:00+00:00,NVDA,207.0399932861328,308829600
2025-10-29 04:00:00+00:00,TSLA,461.510009765625,67983500
2025-10-29 04:00:00+00:00,MSFT,540.538330078125,36023000
2025-10-29 04:00:00+00:00,AAPL,269.4388122558594,51086700
2025-10-30 00:00:00+00:00,EURUSD=X,1.1603351831436155,0
2025-10-30 00:00:00+00:00,BTC-USD,108305.546875,69673964814
2025-10-30 04:00:00+00:00,MSFT,524.77783203125,41023100
2025-10-30 04:00:00+00:00,AAPL,271.1371459960937,69886500
2025-10-30 04:00:00+00:00,NVDA,202.88999938964844,178864400
2025-10-30 04:00:00+00:00,TSLA,440.1000061035156,72447900
2025-10-31 00:00:00+00:00,EURUSD=X,1.157246708869934,0
2025-10-31 00:00:00+00:00,BTC-USD,109556.1640625,60090359560
2025-10-31 04:00:00+00:00,AAPL,270.108154296875,86167100
2025-10-31 04:00:00+00:00,MSFT,516.8426513671875,34006400
2025-10-31 04:00:00+00:00,NVDA,202.4900054931641,179802200
2025-10-31 04:00:00+00:00,TSLA,456.55999755859375,83135800
2025-11-01 00:00:00+00:00,BTC-USD,110064.015625,25871668762
2025-11-02 00:00:00+00:00,BTC-USD,110639.625,34284209459
2025-11-03 00:00:00+00:00,BTC-USD,106547.5234375,72852006359
2025-11-03 00:00:00+00:00,EURUSD=X,1.152804255485535,0
2025-11-03 05:00:00+00:00,AAPL,268.7894287109375,50194600
2025-11-03 05:00:00+00:00,MSFT,516.0641479492188,22374700
2025-11-03 05:00:00+00:00,NVDA,206.8800048828125,180267300
2025-11-03 05:00:00+00:00,TSLA,468.3699951171875,84595200
2025-11-04 00:00:00+00:00,EURUSD=X,1.1519144773483276,0
2025-11-04 00:00:00+00:00,BTC-USD,101590.5234375,110967184773
2025-11-04 05:00:00+00:00,TSLA,444.260009765625,87756600
2025-11-04 05:00:00+00:00,AAPL,269.7784729003906,49274800
2025-11-04 05:00:00+00:00,MSFT,513.3692016601562,20958700
2025-11-04 05:00:00+00:00,NVDA,198.69000244140625,188919300
2025-11-05 00:00:00+00:00,EURUSD=X,1.1485539674758911,0
2025-11-05 00:00:00+00:00,BTC-USD,103891.8359375,77584934804
2025-11-05 05:00:00+00:00,NVDA,195.2100067138672,171350300
2025-11-05 05:00:00+00:00,AAPL,269.8783874511719,43683100
2025-11-05 05:00:00+00:00,TSLA,462.0700073242188,85573000
2025-11-05 05:00:00+00:00,MSFT,506.2125549316406,23024300
2025-11-06 00:00:00+00:00,EURUSD=X,1.1496764421463013,0
2025-11-06 00:00:00+00:00,BTC-USD,101301.2890625,63932752861
2025-11-06 05:00:00+00:00,TSLA,445.9100036621094,109622900
2025-11-06 05:00:00+00:00,MSFT,496.1713562011719,27406500
2025-11-06 05:00:00+00:00,NVDA,188.0800018310547,223029800
2025-11-06 05:00:00+00:00,AAPL,269.5087280273437,51204000
2025-11-07 00:00:00+00:00,BTC-USD,103372.40625,92168030081
2025-11-07 00:00:00+00:00,EURUSD=X,1.1549211740493774,0
2025-11-07 05:00:00+00:00,NVDA,188.1499938964844,264942300
2025-11-07 05:00:00+00:00,TSLA,429.5199890136719,103471500
2025-11-07 05:00:00+00:00,AAPL,268.2099914550781,48227400
2025-11-07 05:00:00+00:00,MSFT,495.8918762207031,24019800
2025-11-08 00:00:00+00:00,BTC-USD,102282.1171875,51446691095
2025-11-09 00:00:00+00:00,BTC-USD,104719.640625,59679243013
2025-11-10 00:00:00+00:00,EURUSD=X,1.1543878316879272,0
2025-11-10 00:00:00+00:00,BTC-USD,105996.59375,69585887229
2025-11-10 05:00:00+00:00,NVDA,199.0500030517578,198897100
2025-11-10 05:00:00+00:00,AAPL,269.42999267578125,41312400
2025-11-10 05:00:00+00:00,MSFT,505.0547180175781,26101500
2025-11-10 05:00:00+00:00,TSLA,445.2300109863281,76515900
2025-11-11 00:00:00+00:00,EURUSD=X,1.1557220220565796,0
2025-11-11 00:00:00+00:00,BTC-USD,102997.46875,71130078574
2025-11-11 05:00:00+00:00,AAPL,275.25,46208300
2025-11-11 05:00:00+00:00,MSFT,507.7297058105469,17980000
2025-11-11 05:00:00+00:00,TSLA,439.6199951171875,60533200
2025-11-11 05:00:00+00:00,NVDA,193.1600036621093,176483300
2025-11-12 00:00:00+00:00,EURUSD=X,1.1587486267089844,0
2025-11-12 00:00:00+00:00,BTC-USD,101663.1875,64347179408
2025-11-12 05:00:00+00:00,MSFT,510.1851501464844,26574900
2025-11-12 05:00:00+00:00,NVDA,193.8000030517578,154935300
2025-11-12 05:00:00+00:00,AAPL,273.4700012207031,48398000
2025-11-12 05:00:00+00:00,TSLA,430.6000061035156,58513500
2025-11-13 00:00:00+00:00,EURUSD=X,1.159218668937683,0
2025-11-13 00:00:00+00:00,BTC-USD,99697.4921875,101546815416
2025-11-13 05:00:00+00:00,AAPL,272.95001220703125,49602800
2025-11-13 05:00:00+00:00,MSFT,502.3497924804688,25273100
2025-11-13 05:00:00+00:00,NVDA,186.8600006103516,207423100
2025-11-13 05:00:00+00:00,TSLA,401.989990234375,118948000
2025-11-14 00:00:00+00:00,BTC-USD,94397.7890625,114346441890
2025-11-14 00:00:00+00:00,EURUSD=X,1.1631964445114136,0
2025-11-14 05:00:00+00:00,MSFT,509.2268981933594,28505700
2025-11-14 05:00:00+00:00,TSLA,404.3500061035156,105506700
2025-11-14 05:00:00+00:00,AAPL,272.4100036621094,47431300
2025-11-14 05:00:00+00:00,NVDA,190.1699981689453,186591900
2025-11-15 00:00:00+00:00,BTC-USD,95549.1484375,38500716654
2025-11-16 00:00:00+00:00,BTC-USD,94177.078125,71086235862
2025-11-17 00:00:00+00:00,BTC-USD,92093.875,94186165724
2025-11-17 00:00:00+00:00,EURUSD=X,1.161534547805786,0
2025-11-17 05:00:00+00:00,NVDA,186.6000061035156,173628900
2025-11-17 05:00:00+00:00,MSFT,506.54193115234375,19092800
2025-11-17 05:00:00+00:00,TSLA,408.9200134277344,102214300
2025-11-17 05:00:00+00:00,AAPL,267.4599914550781,45018300
2025-11-18 00:00:00+00:00,EURUSD=X,1.159057378768921,0
2025-11-18 00:00:00+00:00,BTC-USD,92948.875,101333569062
2025-11-18 05:00:00+00:00,AAPL,267.44000244140625,45677300
2025-11-18 05:00:00+00:00,NVDA,181.3600006103516,213598900
2025-11-18 05:00:00+00:00,TSLA,401.25,80688600
2025-11-18 05:00:00+00:00,MSFT,492.8675537109375,33815100
2025-11-19 00:00:00+00:00,EURUSD=X,1.1581177711486816,0
2025-11-19 00:00:00+00:00,BTC-USD,91465.9921875,80350354656
2025-11-19 05:00:00+00:00,AAPL,268.5599975585937,40424500
2025-11-19 05:00:00+00:00,NVDA,186.5200042724609,247246400
2025-11-19 05:00:00+00:00,MSFT,486.2099914550781,23245300
2025-11-19 05:00:00+00:00,TSLA,403.989990234375,72047700
2025-11-20 00:00:00+00:00,BTC-USD,86631.8984375,97970645638
2025-11-20 00:00:00+00:00,EURUSD=X,1.154068112373352,0
2025-11-20 05:00:00+00:00,TSLA,395.2300109863281,113548800
2025-11-20 05:00:00+00:00,AAPL,266.25,45823600
2025-11-20 05:00:00+00:00,NVDA,180.63999938964844,343504800
2025-11-20 05:00:00+00:00,MSFT,478.4299926757813,26802500
2025-11-21 00:00:00+00:00,BTC-USD,85090.6875,129157506112
2025-11-21 00:00:00+00:00,EURUSD=X,1.1534557342529297,0
2025-11-21 05:00:00+00:00,AAPL,271.489990234375,59030800
2025-11-21 05:00:00+00:00,TSLA,391.0899963378906,100460600
2025-11-21 05:00:00+00:00,MSFT,472.1199951171875,31769200
2025-11-21 05:00:00+00:00,NVDA,178.8800048828125,346926200
2025-11-22 00:00:00+00:00,BTC-USD,84648.359375,40793099246
2025-11-23 00:00:00+00:00,BTC-USD,86805.0078125,58083435576
2025-11-24 00:00:00+00:00,EURUSD=X,1.1507612466812134,0
2025-11-24 00:00:00+00:00,BTC-USD,88270.5625,74433896110
2025-11-24 05:00:00+00:00,TSLA,417.7799987792969,96806400
2025-11-24 05:00:00+00:00,AAPL,275.9200134277344,65585800
2025-11-24 05:00:00+00:00,MSFT,474.0,34421000
2025-11-24 05:00:00+00:00,NVDA,182.5500030517578,256618300
2025-11-25 00:00:00+00:00,EURUSD=X,1.1520073413848877,0
2025-11-25 00:00:00+00:00,BTC-USD,87341.890625,64837343545
2025-11-25 05:00:00+00:00,MSFT,476.989990234375,28019800
2025-11-25 05:00:00+00:00,AAPL,276.9700012207031,46914200
2025-11-25 05:00:00+00:00,NVDA,177.82000732421875,320600300
2025-11-25 05:00:00+00:00,TSLA,419.3999938964844,71915600
2025-11-26 00:00:00+00:00,BTC-USD,90518.3671875,66496301869
2025-11-26 00:00:00+00:00,EURUSD=X,1.156483769416809,0
2025-11-26 05:00:00+00:00,MSFT,485.5,25709100
2025-11-26 05:00:00+00:00,AAPL,277.54998779296875,33431400
2025-11-26 05:00:00+00:00,NVDA,180.259994506836,183852000
2025-11-26 05:00:00+00:00,TSLA,426.5799865722656,63463000
2025-11-27 00:00:00+00:00,BTC-USD,91285.375,57040622845
2025-11-27 00:00:00+00:00,EURUSD=X,1.1602139472961426,0
2025-11-28 00:00:00+00:00,EURUSD=X,1.1599851846694946,0
2025-11-28 00:00:00+00:00,BTC-USD,90919.265625,60895830289
2025-11-28 05:00:00+00:00,NVDA,177.0,121332800
2025-11-28 05:00:00+00:00,TSLA,430.1700134277344,36252900
2025-11-28 05:00:00+00:00,AAPL,278.8500061035156,20135600
2025-11-28 05:00:00+00:00,MSFT,492.010009765625,14386700
2025-11-29 00:00:00+00:00,BTC-USD,90761.2890625,39255613440
2025-11-30 00:00:00+00:00,EURUSD=X,1.1599582433700562,0
2025-12-01 00:00:00+00:00,EURUSD=X,1.16225004196167,0
2025-12-01 00:00:00+00:00,BTC-USD,86547.2890625,62577758208
2025-12-01 05:00:00+00:00,AAPL,283.1000061035156,46528400
2025-12-01 05:00:00+00:00,NVDA,179.9199981689453,187764500
2025-12-01 05:00:00+00:00,TSLA,430.1400146484375,57307600
2025-12-01 05:00:00+00:00,MSFT,486.739990234375,23944100
2025-12-02 00:00:00+00:00,BTC-USD,86677.484375,70560260096
2025-12-02 00:00:00+00:00,EURUSD=X,1.16130530834198,0
2025-12-02 05:00:00+00:00,TSLA,429.239990234375,69147100
2025-12-02 05:00:00+00:00,MSFT,490.0,19549000
2025-12-02 05:00:00+00:00,NVDA,181.4600067138672,182124200
2025-12-02 05:00:00+00:00,AAPL,286.19000244140625,53615500
2025-12-03 00:00:00+00:00,BTC-USD,92938.34375,86388441088
2025-12-03 00:00:00+00:00,EURUSD=X,1.1645511388778689,0
2025-12-03 05:00:00+00:00,AAPL,284.1499938964844,43497200
2025-12-03 05:00:00+00:00,TSLA,446.739990234375,87207800
2025-12-03 05:00:00+00:00,MSFT,477.7300109863281,34562900
2025-12-03 05:00:00+00:00,NVDA,179.58999633789062,164721400
2025-12-04 00:00:00+00:00,BTC-USD,93133.03125,71849476096
2025-12-04 00:00:00+00:00,EURUSD=X,1.1674060821533203,0
2025-12-04 05:00:00+00:00,AAPL,280.70001220703125,43942500
2025-12-04 05:00:00+00:00,MSFT,480.8399963378906,22290000
2025-12-04 05:00:00+00:00,NVDA,183.3800048828125,167025900
2025-12-04 05:00:00+00:00,TSLA,454.5299987792969,71716400
2025-12-05 00:00:00+00:00,EURUSD=X,1.16604483127594,0
2025-12-05 00:00:00+00:00,BTC-USD,92066.3125,57462411264
2025-12-05 05:00:00+00:00,TSLA,455.0,56300700
2025-12-05 05:00:00+00:00,NVDA,182.4100036621093,143635500
2025-12-05 05:00:00+00:00,AAPL,278.7799987792969,47244000
2025-12-05 05:00:00+00:00,MSFT,483.1600036621094,22587400
2025-12-06 00:00:00+00:00,BTC-USD,89571.75,60991414272
2025-12-07 00:00:00+00:00,BTC-USD,89302.6015625,35703959552
2025-12-08 00:00:00+00:00,EURUSD=X,1.1656370162963867,0
2025-12-08 00:00:00+00:00,BTC-USD,91639.84375,54385696768
2025-12-08 05:00:00+00:00,NVDA,185.5500030517578,201696500
2025-12-08 05:00:00+00:00,MSFT,491.0199890136719,21904800
2025-12-08 05:00:00+00:00,AAPL,277.8900146484375,38140000
2025-12-08 05:00:00+00:00,TSLA,439.5799865722656,68911900
2025-12-09 00:00:00+00:00,BTC-USD,90573.1640625,57169666048
2025-12-09 00:00:00+00:00,EURUSD=X,1.1642799377441406,0
2025-12-09 05:00:00+00:00,TSLA,445.1700134277344,62187700
2025-12-09 05:00:00+00:00,MSFT,492.0199890136719,14688300
2025-12-09 05:00:00+00:00,NVDA,184.97000122070312,144323400
2025-12-09 05:00:00+00:00,AAPL,277.17999267578125,32159900
2025-12-10 00:00:00+00:00,BTC-USD,92717.4296875,64997027840
2025-12-10 00:00:00+00:00,EURUSD=X,1.1650937795639038,0
2025-12-10 05:00:00+00:00,AAPL,278.7799987792969,32996700
2025-12-10 05:00:00+00:00,NVDA,183.77999877929688,161931100
2025-12-10 05:00:00+00:00,MSFT,478.55999755859375,35695200
2025-12-10 05:00:00+00:00,TSLA,451.4500122070313,63061500
2025-12-11 00:00:00+00:00,EURUSD=X,1.1702749729156494,0
2025-12-11 00:00:00+00:00,BTC-USD,90187.1796875,70587727872
2025-12-11 05:00:00+00:00,TSLA,446.8900146484375,55846900
2025-12-11 05:00:00+00:00,AAPL,278.0299987792969,33207600
2025-12-11 05:00:00+00:00,NVDA,180.92999267578125,181596600
2025-12-11 05:00:00+00:00,MSFT,483.4700012207031,24645000
2025-12-12 00:00:00+00:00,BTC-USD,92429.09375,61330354176
2025-12-12 00:00:00+00:00,EURUSD=X,1.1743981838226318,0
2025-12-12 05:00:00+00:00,MSFT,478.5299987792969,20743536
2025-12-12 05:00:00+00:00,AAPL,278.2799987792969,38360082
2025-12-12 05:00:00+00:00,TSLA,458.9599914550781,93562326
2025-12-12 05:00:00+00:00,NVDA,175.02000427246094,192808886
2025-12-13 00:00:00+00:00,BTC-USD,90356.171875,82121203712
2025-12-14 00:00:00+00:00,BTC-USD,90255.71875,65175490560
2025-12-15 00:00:00+00:00,BTC-USD,89757.5078125,40258994176
2025-12-15 00:00:00+00:00,EURUSD=X,1.1737089157104492,0
2025-12-15 05:00:00+00:00,MSFT,474.8200073242188,23698500
2025-12-15 05:00:00+00:00,AAPL,274.1099853515625,50263500
2025-12-15 05:00:00+00:00,NVDA,176.2899932861328,164247800
2025-12-15 05:00:00+00:00,TSLA,475.30999755859375,113994200
2025-12-16 00:00:00+00:00,BTC-USD,86095.2734375,46375911424
2025-12-16 00:00:00+00:00,EURUSD=X,1.1764705181121826,0
2025-12-16 05:00:00+00:00,TSLA,489.8800048828125,105781500
2025-12-16 05:00:00+00:00,NVDA,177.72000122070312,148161800
2025-12-16 05:00:00+00:00,AAPL,274.6099853515625,37589700
2025-12-16 05:00:00+00:00,MSFT,476.3900146484375,20682600
2025-12-17 00:00:00+00:00,EURUSD=X,1.1715089082717896,0
2025-12-17 00:00:00+00:00,BTC-USD,86763.9921875,38960463872
2025-12-17 05:00:00+00:00,AAPL,271.8399963378906,50100600
2025-12-17 05:00:00+00:00,TSLA,467.260009765625,106163800
2025-12-17 05:00:00+00:00,MSFT,476.1199951171875,24506200
2025-12-17 05:00:00+00:00,NVDA,170.94000244140625,222063600
2025-12-18 00:00:00+00:00,BTC-USD,86745.03125,44191531008
2025-12-18 00:00:00+00:00,EURUSD=X,1.17384672164917,0
2025-12-18 05:00:00+00:00,AAPL,272.19000244140625,51600000
2025-12-18 05:00:00+00:00,TSLA,483.3699951171875,94870000
2025-12-18 05:00:00+00:00,MSFT,483.9800109863281,28518200
2025-12-18 05:00:00+00:00,NVDA,174.13999938964844,175570000
2025-12-19 00:00:00+00:00,EURUSD=X,1.171783447265625,0
2025-12-19 00:00:00+00:00,BTC-USD,87912.7109375,58564485120
2025-12-19 05:00:00+00:00,AAPL,273.6700134277344,144599200
2025-12-19 05:00:00+00:00,TSLA,481.2000122070313,103066200
2025-12-19 05:00:00+00:00,NVDA,180.9900054931641,324372500
2025-12-19 05:00:00+00:00,MSFT,485.9200134277344,70824900
2025-12-20 00:00:00+00:00,BTC-USD,88294.59375,36318650368
2025-12-21 00:00:00+00:00,BTC-USD,88131.28125,14201501696
2025-12-22 00:00:00+00:00,EURUSD=X,1.1730204820632937,0
2025-12-22 00:00:00+00:00,BTC-USD,89247.0390625,25764458496
2025-12-22 05:00:00+00:00,TSLA,488.7300109863281,86737400
2025-12-22 05:00:00+00:00,MSFT,484.9200134277344,16603400
2025-12-22 05:00:00+00:00,NVDA,183.69000244140625,127300500
2025-12-22 05:00:00+00:00,AAPL,270.9700012207031,36492700
2025-12-23 00:00:00+00:00,EURUSD=X,1.1784114837646484,0
2025-12-23 00:00:00+00:00,BTC-USD,87597.359375,44524339200
2025-12-23 05:00:00+00:00,NVDA,189.2100067138672,174231900
2025-12-23 05:00:00+00:00,AAPL,272.3599853515625,29623100
2025-12-23 05:00:00+00:00,TSLA,485.55999755859375,58074100
2025-12-23 05:00:00+00:00,MSFT,486.8500061035156,14676400
2025-12-24 00:00:00+00:00,EURUSD=X,1.1784114837646484,0
2025-12-24 00:00:00+00:00,BTC-USD,86921.484375,34770542592
2025-12-24 05:00:00+00:00,NVDA,188.6100006103516,65528500
2025-12-24 05:00:00+00:00,TSLA,485.3999938964844,41285400
2025-12-24 05:00:00+00:00,AAPL,273.8099975585937,17910600
2025-12-24 05:00:00+00:00,MSFT,488.0199890136719,5855900
2025-12-25 00:00:00+00:00,EURUSD=X,1.1786893606185913,0
2025-12-25 00:00:00+00:00,BTC-USD,87654.4765625,21408247808
2025-12-26 00:00:00+00:00,EURUSD=X,1.177163004875183,0
2025-12-26 00:00:00+00:00,BTC-USD,88633.1796875,33314367488
2025-12-26 05:00:00+00:00,MSFT,487.7099914550781,8822100
2025-12-26 05:00:00+00:00,NVDA,190.52999877929688,139393400
2025-12-26 05:00:00+00:00,AAPL,273.3999938964844,21455300
2025-12-26 05:00:00+00:00,TSLA,475.1900024414063,58521400
2025-12-27 00:00:00+00:00,BTC-USD,87496.265625,28571516928
2025-12-28 00:00:00+00:00,BTC-USD,87733.6953125,13596441600
2025-12-29 00:00:00+00:00,EURUSD=X,1.178133845329285,0
2025-12-29 00:00:00+00:00,BTC-USD,89600.828125,30011564032
2025-12-29 05:00:00+00:00,NVDA,188.22000122070312,119715400
2025-12-29 05:00:00+00:00,MSFT,487.1000061035156,10879100
2025-12-29 05:00:00+00:00,TSLA,459.6400146484375,65975100
2025-12-29 05:00:00+00:00,AAPL,273.760009765625,23700400
2025-12-30 00:00:00+00:00,EURUSD=X,1.1775789260864258,0
2025-12-30 00:00:00+00:00,BTC-USD,87942.5,37975654400
2025-12-30 05:00:00+00:00,TSLA,454.4299926757813,58902200
2025-12-30 05:00:00+00:00,AAPL,273.0799865722656,22117600
2025-12-30 05:00:00+00:00,NVDA,187.5399932861328,97362300
2025-12-30 05:00:00+00:00,MSFT,487.4800109863281,13915900
2025-12-31 00:00:00+00:00,BTC-USD,88528.6015625,34667868160
2025-12-31 00:00:00+00:00,EURUSD=X,1.1739845275878906,0
2025-12-31 05:00:00+00:00,TSLA,449.7200012207031,48899800
2025-12-31 05:00:00+00:00,MSFT,483.6199951171875,15590800
2025-12-31 05:00:00+00:00,NVDA,186.5,119731600
2025-12-31 05:00:00+00:00,AAPL,271.8599853515625,27278500
2026-01-01 00:00:00+00:00,BTC-USD,87599.7578125,32287303680
2026-01-01 00:00:00+00:00,EURUSD=X,1.1749500036239624,0
2026-01-02 00:00:00+00:00,EURUSD=X,1.1730204820632937,0
2026-01-02 00:00:00+00:00,BTC-USD,88962.953125,21398587392
2026-01-02 05:00:00+00:00,MSFT,472.9400024414063,25539600
2026-01-02 05:00:00+00:00,NVDA,188.8500061035156,147941400
2026-01-02 05:00:00+00:00,AAPL,271.010009765625,37822400
2026-01-02 05:00:00+00:00,TSLA,438.0700073242188,85263000
2026-01-03 00:00:00+00:00,BTC-USD,89495.5390625,44063416320
2026-01-04 00:00:00+00:00,BTC-USD,91286.4765625,23897296896
2026-01-05 00:00:00+00:00,EURUSD=X,1.1693171262741089,0
2026-01-05 00:00:00+00:00,BTC-USD,92575.7890625,33729826816
2026-01-05 05:00:00+00:00,AAPL,267.260009765625,45598200
2026-01-05 05:00:00+00:00,NVDA,188.1199951171875,182659400
2026-01-05 05:00:00+00:00,TSLA,451.6700134277344,67663600
2026-01-05 05:00:00+00:00,MSFT,472.8500061035156,25236300
2026-01-06 00:00:00+00:00,EURUSD=X,1.174122333526611,0
2026-01-06 00:00:00+00:00,BTC-USD,93342.5859375,47012986880
2026-01-06 05:00:00+00:00,TSLA,432.9599914550781,88816200
2026-01-06 05:00:00+00:00,AAPL,262.3599853515625,52282100
2026-01-06 05:00:00+00:00,NVDA,187.2400054931641,176174700
2026-01-06 05:00:00+00:00,MSFT,478.510009765625,23007300
2026-01-07 00:00:00+00:00,BTC-USD,92846.25,53592293376
2026-01-07 00:00:00+00:00,EURUSD=X,1.1682243347167969,0
2026-01-07 05:00:00+00:00,AAPL,260.3299865722656,48262000
2026-01-07 05:00:00+00:00,NVDA,189.1100006103516,153224600
2026-01-07 05:00:00+00:00,TSLA,431.4100036621094,59597700
2026-01-07 05:00:00+00:00,MSFT,483.4700012207031,25547100
2026-01-08 00:00:00+00:00,EURUSD=X,1.1676785945892334,0
2026-01-08 00:00:00+00:00,BTC-USD,90479.40625,42798931968
2026-01-08 05:00:00+00:00,TSLA,435.79998779296875,56893100
2026-01-08 05:00:00+00:00,AAPL,259.0400085449219,50364100
2026-01-08 05:00:00+00:00,NVDA,185.0399932861328,172073400
2026-01-08 05:00:00+00:00,MSFT,478.1099853515625,18147300
2026-01-09 00:00:00+00:00,BTC-USD,90607.7265625,37732163584
2026-01-09 00:00:00+00:00,EURUSD=X,1.1648223400115967,0
